slot	gl_symbol	stub_symbol
213	glAccum	Accum
342	glActiveTexture	ActiveTexture
342	glActiveTextureARB	ActiveTexture
240	glAlphaFunc	AlphaFunc
322	glAreTexturesResident	AreTexturesResident
306	glArrayElement	ArrayElement
7	glBegin	Begin
307	glBindTexture	BindTexture
8	glBitmap	Bitmap
336	glBlendColor	BlendColor
337	glBlendEquation	BlendEquation
241	glBlendFunc	BlendFunc
2	glCallList	CallList
3	glCallLists	CallLists
203	glClear	Clear
204	glClearAccum	ClearAccum
206	glClearColor	ClearColor
208	glClearDepth	ClearDepth
205	glClearIndex	ClearIndex
207	glClearStencil	ClearStencil
343	glClientActiveTexture	ClientActiveTexture
343	glClientActiveTextureARB	ClientActiveTexture
150	glClipPlane	ClipPlane
9	glColor3b	Color3b
10	glColor3bv	Color3bv
11	glColor3d	Color3d
12	glColor3dv	Color3dv
13	glColor3f	Color3f
14	glColor3fv	Color3fv
15	glColor3i	Color3i
16	glColor3iv	Color3iv
17	glColor3s	Color3s
18	glColor3sv	Color3sv
19	glColor3ub	Color3ub
20	glColor3ubv	Color3ubv
21	glColor3ui	Color3ui
22	glColor3uiv	Color3uiv
23	glColor3us	Color3us
24	glColor3usv	Color3usv
25	glColor4b	Color4b
26	glColor4bv	Color4bv
27	glColor4d	Color4d
28	glColor4dv	Color4dv
29	glColor4f	Color4f
30	glColor4fv	Color4fv
31	glColor4i	Color4i
32	glColor4iv	Color4iv
33	glColor4s	Color4s
34	glColor4sv	Color4sv
35	glColor4ub	Color4ub
36	glColor4ubv	Color4ubv
37	glColor4ui	Color4ui
38	glColor4uiv	Color4uiv
39	glColor4us	Color4us
40	glColor4usv	Color4usv
210	glColorMask	ColorMask
151	glColorMaterial	ColorMaterial
308	glColorPointer	ColorPointer
1609	glColorSubTable	ColorSubTable
1602	glColorTable	ColorTable
1603	glColorTableParameterfv	ColorTableParameterfv
1604	glColorTableParameteriv	ColorTableParameteriv
376	glCompressedTexImage1D	CompressedTexImage1D
377	glCompressedTexImage2D	CompressedTexImage2D
378	glCompressedTexImage3D	CompressedTexImage3D
379	glCompressedTexSubImage1D	CompressedTexSubImage1D
380	glCompressedTexSubImage2D	CompressedTexSubImage2D
381	glCompressedTexSubImage3D	CompressedTexSubImage3D
1611	glConvolutionFilter1D	ConvolutionFilter1D
1612	glConvolutionFilter2D	ConvolutionFilter2D
1613	glConvolutionParameterf	ConvolutionParameterf
1614	glConvolutionParameterfv	ConvolutionParameterfv
1615	glConvolutionParameteri	ConvolutionParameteri
1616	glConvolutionParameteriv	ConvolutionParameteriv
1610	glCopyColorSubTable	CopyColorSubTable
1605	glCopyColorTable	CopyColorTable
1617	glCopyConvolutionFilter1D	CopyConvolutionFilter1D
1618	glCopyConvolutionFilter2D	CopyConvolutionFilter2D
255	glCopyPixels	CopyPixels
323	glCopyTexImage1D	CopyTexImage1D
324	glCopyTexImage2D	CopyTexImage2D
325	glCopyTexSubImage1D	CopyTexSubImage1D
326	glCopyTexSubImage2D	CopyTexSubImage2D
341	glCopyTexSubImage3D	CopyTexSubImage3D
152	glCullFace	CullFace
4	glDeleteLists	DeleteLists
327	glDeleteTextures	DeleteTextures
245	glDepthFunc	DepthFunc
211	glDepthMask	DepthMask
288	glDepthRange	DepthRange
214	glDisable	Disable
309	glDisableClientState	DisableClientState
310	glDrawArrays	DrawArrays
202	glDrawBuffer	DrawBuffer
311	glDrawElements	DrawElements
257	glDrawPixels	DrawPixels
338	glDrawRangeElements	DrawRangeElements
41	glEdgeFlag	EdgeFlag
312	glEdgeFlagPointer	EdgeFlagPointer
42	glEdgeFlagv	EdgeFlagv
215	glEnable	Enable
313	glEnableClientState	EnableClientState
43	glEnd	End
1	glEndList	EndList
228	glEvalCoord1d	EvalCoord1d
229	glEvalCoord1dv	EvalCoord1dv
230	glEvalCoord1f	EvalCoord1f
231	glEvalCoord1fv	EvalCoord1fv
232	glEvalCoord2d	EvalCoord2d
233	glEvalCoord2dv	EvalCoord2dv
234	glEvalCoord2f	EvalCoord2f
235	glEvalCoord2fv	EvalCoord2fv
236	glEvalMesh1	EvalMesh1
238	glEvalMesh2	EvalMesh2
237	glEvalPoint1	EvalPoint1
239	glEvalPoint2	EvalPoint2
194	glFeedbackBuffer	FeedbackBuffer
216	glFinish	Finish
217	glFlush	Flush
153	glFogf	Fogf
154	glFogfv	Fogfv
155	glFogi	Fogi
156	glFogiv	Fogiv
157	glFrontFace	FrontFace
289	glFrustum	Frustum
5	glGenLists	GenLists
328	glGenTextures	GenTextures
258	glGetBooleanv	GetBooleanv
259	glGetClipPlane	GetClipPlane
1606	glGetColorTable	GetColorTable
1607	glGetColorTableParameterfv	GetColorTableParameterfv
1608	glGetColorTableParameteriv	GetColorTableParameteriv
382	glGetCompressedTexImage	GetCompressedTexImage
1619	glGetConvolutionFilter	GetConvolutionFilter
1620	glGetConvolutionParameterfv	GetConvolutionParameterfv
1621	glGetConvolutionParameteriv	GetConvolutionParameteriv
260	glGetDoublev	GetDoublev
261	glGetError	GetError
262	glGetFloatv	GetFloatv
1624	glGetHistogram	GetHistogram
1625	glGetHistogramParameterfv	GetHistogramParameterfv
1626	glGetHistogramParameteriv	GetHistogramParameteriv
263	glGetIntegerv	GetIntegerv
264	glGetLightfv	GetLightfv
265	glGetLightiv	GetLightiv
266	glGetMapdv	GetMapdv
267	glGetMapfv	GetMapfv
268	glGetMapiv	GetMapiv
269	glGetMaterialfv	GetMaterialfv
270	glGetMaterialiv	GetMaterialiv
1627	glGetMinmax	GetMinmax
1628	glGetMinmaxParameterfv	GetMinmaxParameterfv
1629	glGetMinmaxParameteriv	GetMinmaxParameteriv
271	glGetPixelMapfv	GetPixelMapfv
272	glGetPixelMapuiv	GetPixelMapuiv
273	glGetPixelMapusv	GetPixelMapusv
329	glGetPointerv	GetPointerv
274	glGetPolygonStipple	GetPolygonStipple
1622	glGetSeparableFilter	GetSeparableFilter
275	glGetString	GetString
276	glGetTexEnvfv	GetTexEnvfv
277	glGetTexEnviv	GetTexEnviv
278	glGetTexGendv	GetTexGendv
279	glGetTexGenfv	GetTexGenfv
280	glGetTexGeniv	GetTexGeniv
281	glGetTexImage	GetTexImage
284	glGetTexLevelParameterfv	GetTexLevelParameterfv
285	glGetTexLevelParameteriv	GetTexLevelParameteriv
282	glGetTexParameterfv	GetTexParameterfv
283	glGetTexParameteriv	GetTexParameteriv
158	glHint	Hint
1630	glHistogram	Histogram
212	glIndexMask	IndexMask
314	glIndexPointer	IndexPointer
44	glIndexd	Indexd
45	glIndexdv	Indexdv
46	glIndexf	Indexf
47	glIndexfv	Indexfv
48	glIndexi	Indexi
49	glIndexiv	Indexiv
50	glIndexs	Indexs
51	glIndexsv	Indexsv
315	glIndexub	Indexub
316	glIndexubv	Indexubv
197	glInitNames	InitNames
317	glInterleavedArrays	InterleavedArrays
286	glIsEnabled	IsEnabled
287	glIsList	IsList
330	glIsTexture	IsTexture
163	glLightModelf	LightModelf
164	glLightModelfv	LightModelfv
165	glLightModeli	LightModeli
166	glLightModeliv	LightModeliv
159	glLightf	Lightf
160	glLightfv	Lightfv
161	glLighti	Lighti
162	glLightiv	Lightiv
167	glLineStipple	LineStipple
168	glLineWidth	LineWidth
6	glListBase	ListBase
290	glLoadIdentity	LoadIdentity
292	glLoadMatrixd	LoadMatrixd
291	glLoadMatrixf	LoadMatrixf
198	glLoadName	LoadName
383	glLoadTransposeMatrixd	LoadTransposeMatrixd
384	glLoadTransposeMatrixf	LoadTransposeMatrixf
242	glLogicOp	LogicOp
220	glMap1d	Map1d
221	glMap1f	Map1f
222	glMap2d	Map2d
223	glMap2f	Map2f
224	glMapGrid1d	MapGrid1d
225	glMapGrid1f	MapGrid1f
226	glMapGrid2d	MapGrid2d
227	glMapGrid2f	MapGrid2f
169	glMaterialf	Materialf
170	glMaterialfv	Materialfv
171	glMateriali	Materiali
172	glMaterialiv	Materialiv
293	glMatrixMode	MatrixMode
1631	glMinmax	Minmax
295	glMultMatrixd	MultMatrixd
294	glMultMatrixf	MultMatrixf
385	glMultTransposeMatrixd	MultTransposeMatrixd
386	glMultTransposeMatrixf	MultTransposeMatrixf
344	glMultiTexCoord1d	MultiTexCoord1d
344	glMultiTexCoord1dARB	MultiTexCoord1d
345	glMultiTexCoord1dv	MultiTexCoord1dv
345	glMultiTexCoord1dvARB	MultiTexCoord1dv
346	glMultiTexCoord1f	MultiTexCoord1fARB
346	glMultiTexCoord1fARB	MultiTexCoord1fARB
347	glMultiTexCoord1fv	MultiTexCoord1fvARB
347	glMultiTexCoord1fvARB	MultiTexCoord1fvARB
348	glMultiTexCoord1i	MultiTexCoord1i
348	glMultiTexCoord1iARB	MultiTexCoord1i
349	glMultiTexCoord1iv	MultiTexCoord1iv
349	glMultiTexCoord1ivARB	MultiTexCoord1iv
350	glMultiTexCoord1s	MultiTexCoord1s
350	glMultiTexCoord1sARB	MultiTexCoord1s
351	glMultiTexCoord1sv	MultiTexCoord1sv
351	glMultiTexCoord1svARB	MultiTexCoord1sv
352	glMultiTexCoord2d	MultiTexCoord2d
352	glMultiTexCoord2dARB	MultiTexCoord2d
353	glMultiTexCoord2dv	MultiTexCoord2dv
353	glMultiTexCoord2dvARB	MultiTexCoord2dv
354	glMultiTexCoord2f	MultiTexCoord2fARB
354	glMultiTexCoord2fARB	MultiTexCoord2fARB
355	glMultiTexCoord2fv	MultiTexCoord2fvARB
355	glMultiTexCoord2fvARB	MultiTexCoord2fvARB
356	glMultiTexCoord2i	MultiTexCoord2i
356	glMultiTexCoord2iARB	MultiTexCoord2i
357	glMultiTexCoord2iv	MultiTexCoord2iv
357	glMultiTexCoord2ivARB	MultiTexCoord2iv
358	glMultiTexCoord2s	MultiTexCoord2s
358	glMultiTexCoord2sARB	MultiTexCoord2s
359	glMultiTexCoord2sv	MultiTexCoord2sv
359	glMultiTexCoord2svARB	MultiTexCoord2sv
360	glMultiTexCoord3d	MultiTexCoord3d
360	glMultiTexCoord3dARB	MultiTexCoord3d
361	glMultiTexCoord3dv	MultiTexCoord3dv
361	glMultiTexCoord3dvARB	MultiTexCoord3dv
362	glMultiTexCoord3f	MultiTexCoord3fARB
362	glMultiTexCoord3fARB	MultiTexCoord3fARB
363	glMultiTexCoord3fv	MultiTexCoord3fvARB
363	glMultiTexCoord3fvARB	MultiTexCoord3fvARB
364	glMultiTexCoord3i	MultiTexCoord3i
364	glMultiTexCoord3iARB	MultiTexCoord3i
365	glMultiTexCoord3iv	MultiTexCoord3iv
365	glMultiTexCoord3ivARB	MultiTexCoord3iv
366	glMultiTexCoord3s	MultiTexCoord3s
366	glMultiTexCoord3sARB	MultiTexCoord3s
367	glMultiTexCoord3sv	MultiTexCoord3sv
367	glMultiTexCoord3svARB	MultiTexCoord3sv
368	glMultiTexCoord4d	MultiTexCoord4d
368	glMultiTexCoord4dARB	MultiTexCoord4d
369	glMultiTexCoord4dv	MultiTexCoord4dv
369	glMultiTexCoord4dvARB	MultiTexCoord4dv
370	glMultiTexCoord4f	MultiTexCoord4fARB
370	glMultiTexCoord4fARB	MultiTexCoord4fARB
371	glMultiTexCoord4fv	MultiTexCoord4fvARB
371	glMultiTexCoord4fvARB	MultiTexCoord4fvARB
372	glMultiTexCoord4i	MultiTexCoord4i
372	glMultiTexCoord4iARB	MultiTexCoord4i
373	glMultiTexCoord4iv	MultiTexCoord4iv
373	glMultiTexCoord4ivARB	MultiTexCoord4iv
374	glMultiTexCoord4s	MultiTexCoord4s
374	glMultiTexCoord4sARB	MultiTexCoord4s
375	glMultiTexCoord4sv	MultiTexCoord4sv
375	glMultiTexCoord4svARB	MultiTexCoord4sv
0	glNewList	NewList
52	glNormal3b	Normal3b
53	glNormal3bv	Normal3bv
54	glNormal3d	Normal3d
55	glNormal3dv	Normal3dv
56	glNormal3f	Normal3f
57	glNormal3fv	Normal3fv
58	glNormal3i	Normal3i
59	glNormal3iv	Normal3iv
60	glNormal3s	Normal3s
61	glNormal3sv	Normal3sv
318	glNormalPointer	NormalPointer
296	glOrtho	Ortho
199	glPassThrough	PassThrough
251	glPixelMapfv	PixelMapfv
252	glPixelMapuiv	PixelMapuiv
253	glPixelMapusv	PixelMapusv
249	glPixelStoref	PixelStoref
250	glPixelStorei	PixelStorei
247	glPixelTransferf	PixelTransferf
248	glPixelTransferi	PixelTransferi
246	glPixelZoom	PixelZoom
173	glPointSize	PointSize
174	glPolygonMode	PolygonMode
319	glPolygonOffset	PolygonOffset
175	glPolygonStipple	PolygonStipple
218	glPopAttrib	PopAttrib
334	glPopClientAttrib	PopClientAttrib
297	glPopMatrix	PopMatrix
200	glPopName	PopName
331	glPrioritizeTextures	PrioritizeTextures
219	glPushAttrib	PushAttrib
335	glPushClientAttrib	PushClientAttrib
298	glPushMatrix	PushMatrix
201	glPushName	PushName
62	glRasterPos2d	RasterPos2d
63	glRasterPos2dv	RasterPos2dv
64	glRasterPos2f	RasterPos2f
65	glRasterPos2fv	RasterPos2fv
66	glRasterPos2i	RasterPos2i
67	glRasterPos2iv	RasterPos2iv
68	glRasterPos2s	RasterPos2s
69	glRasterPos2sv	RasterPos2sv
70	glRasterPos3d	RasterPos3d
71	glRasterPos3dv	RasterPos3dv
72	glRasterPos3f	RasterPos3f
73	glRasterPos3fv	RasterPos3fv
74	glRasterPos3i	RasterPos3i
75	glRasterPos3iv	RasterPos3iv
76	glRasterPos3s	RasterPos3s
77	glRasterPos3sv	RasterPos3sv
78	glRasterPos4d	RasterPos4d
79	glRasterPos4dv	RasterPos4dv
80	glRasterPos4f	RasterPos4f
81	glRasterPos4fv	RasterPos4fv
82	glRasterPos4i	RasterPos4i
83	glRasterPos4iv	RasterPos4iv
84	glRasterPos4s	RasterPos4s
85	glRasterPos4sv	RasterPos4sv
254	glReadBuffer	ReadBuffer
256	glReadPixels	ReadPixels
86	glRectd	Rectd
87	glRectdv	Rectdv
88	glRectf	Rectf
89	glRectfv	Rectfv
90	glRecti	Recti
91	glRectiv	Rectiv
92	glRects	Rects
93	glRectsv	Rectsv
196	glRenderMode	RenderMode
1632	glResetHistogram	ResetHistogram
1633	glResetMinmax	ResetMinmax
299	glRotated	Rotated
300	glRotatef	Rotatef
387	glSampleCoverage	SampleCoverage
301	glScaled	Scaled
302	glScalef	Scalef
176	glScissor	Scissor
195	glSelectBuffer	SelectBuffer
1623	glSeparableFilter2D	SeparableFilter2D
177	glShadeModel	ShadeModel
243	glStencilFunc	StencilFunc
209	glStencilMask	StencilMask
244	glStencilOp	StencilOp
94	glTexCoord1d	TexCoord1d
95	glTexCoord1dv	TexCoord1dv
96	glTexCoord1f	TexCoord1f
97	glTexCoord1fv	TexCoord1fv
98	glTexCoord1i	TexCoord1i
99	glTexCoord1iv	TexCoord1iv
100	glTexCoord1s	TexCoord1s
101	glTexCoord1sv	TexCoord1sv
102	glTexCoord2d	TexCoord2d
103	glTexCoord2dv	TexCoord2dv
104	glTexCoord2f	TexCoord2f
105	glTexCoord2fv	TexCoord2fv
106	glTexCoord2i	TexCoord2i
107	glTexCoord2iv	TexCoord2iv
108	glTexCoord2s	TexCoord2s
109	glTexCoord2sv	TexCoord2sv
110	glTexCoord3d	TexCoord3d
111	glTexCoord3dv	TexCoord3dv
112	glTexCoord3f	TexCoord3f
113	glTexCoord3fv	TexCoord3fv
114	glTexCoord3i	TexCoord3i
115	glTexCoord3iv	TexCoord3iv
116	glTexCoord3s	TexCoord3s
117	glTexCoord3sv	TexCoord3sv
118	glTexCoord4d	TexCoord4d
119	glTexCoord4dv	TexCoord4dv
120	glTexCoord4f	TexCoord4f
121	glTexCoord4fv	TexCoord4fv
122	glTexCoord4i	TexCoord4i
123	glTexCoord4iv	TexCoord4iv
124	glTexCoord4s	TexCoord4s
125	glTexCoord4sv	TexCoord4sv
320	glTexCoordPointer	TexCoordPointer
184	glTexEnvf	TexEnvf
185	glTexEnvfv	TexEnvfv
186	glTexEnvi	TexEnvi
187	glTexEnviv	TexEnviv
188	glTexGend	TexGend
189	glTexGendv	TexGendv
190	glTexGenf	TexGenf
191	glTexGenfv	TexGenfv
192	glTexGeni	TexGeni
193	glTexGeniv	TexGeniv
182	glTexImage1D	TexImage1D
183	glTexImage2D	TexImage2D
339	glTexImage3D	TexImage3D
178	glTexParameterf	TexParameterf
179	glTexParameterfv	TexParameterfv
180	glTexParameteri	TexParameteri
181	glTexParameteriv	TexParameteriv
332	glTexSubImage1D	TexSubImage1D
333	glTexSubImage2D	TexSubImage2D
340	glTexSubImage3D	TexSubImage3D
303	glTranslated	Translated
304	glTranslatef	Translatef
126	glVertex2d	Vertex2d
127	glVertex2dv	Vertex2dv
128	glVertex2f	Vertex2f
129	glVertex2fv	Vertex2fv
130	glVertex2i	Vertex2i
131	glVertex2iv	Vertex2iv
132	glVertex2s	Vertex2s
133	glVertex2sv	Vertex2sv
134	glVertex3d	Vertex3d
135	glVertex3dv	Vertex3dv
136	glVertex3f	Vertex3f
137	glVertex3fv	Vertex3fv
138	glVertex3i	Vertex3i
139	glVertex3iv	Vertex3iv
140	glVertex3s	Vertex3s
141	glVertex3sv	Vertex3sv
142	glVertex4d	Vertex4d
143	glVertex4dv	Vertex4dv
144	glVertex4f	Vertex4f
145	glVertex4fv	Vertex4fv
146	glVertex4i	Vertex4i
147	glVertex4iv	Vertex4iv
148	glVertex4s	Vertex4s
149	glVertex4sv	Vertex4sv
321	glVertexPointer	VertexPointer
305	glViewport	Viewport
